city,state_ut,population_estimated,monitoring_wells_count,gw_fall_pct,gw_rise_pct,gw_fall_gt_4m_pct,state_tap_water_coverage_pct,rainfall_day_actual_mm,rainfall_day_normal_mm,rainfall_day_dep_pct,rainfall_period_actual_mm,rainfall_period_dep_pct,rainfall_category,groundwater_stress_index,benchmark_demand_mld,estimated_supply_mld,estimated_shortage_mld,shortage_percentage,shortage_risk_category,nrw_loss_percentage,unaccounted_water_mld
Vijayawada,Andhra Pradesh,1034358,5,100.0,0.0,0.0,76.29,0.0,3.4,-100.0,7.4,-85.0,LD,63.5,160.59,103.54,57.05,35.52,High,22.92,23.73
Vishakapatnam,Andhra Pradesh,1728128,18,72.22,27.78,16.67,76.29,0.0,6.2,-100.0,2.3,-97.0,LD,55.26,268.29,183.91,84.38,31.45,High,22.5,41.38
Guwahati,Assam,957352,33,36.36,63.64,0.0,81.99,0.1,11.1,-99.0,0.8,-98.0,LD,29.8,148.63,124.96,23.67,15.93,Medium,20.09,25.1
Patna (phreatic),Bihar,1684222,5,40.0,60.0,0.0,95.71,26.3,2.9,808.0,29.6,5.0,N,22.0,261.48,252.12,9.36,3.58,Low,16.96,42.76
Patna (Deeper),Bihar,1684222,5,100.0,0.0,0.0,95.71,26.3,2.9,808.0,29.6,5.0,N,55.0,261.48,198.85,62.63,23.95,Medium,18.61,37.01
Bhilai,Chhattisgarh,625700,6,50.0,50.0,0.0,84.06,4.4,3.3,33.0,4.4,-82.0,LD,35.7,97.14,79.52,17.62,18.14,Medium,19.97,15.88
Raipur,Chhattisgarh,1010087,13,23.08,76.92,0.0,84.06,3.0,3.3,-9.0,3.2,-85.0,LD,21.19,156.82,136.25,20.57,13.12,Medium,19.25,26.23
Delhi,Delhi,16787941,79,22.78,77.22,8.86,100.0,0.0,0.5,-100.0,0.0,-100.0,NR,25.63,2606.33,2606.33,0.0,0.0,Low,16.28,424.31
Ahmedabad (phreatic),Gujarat,5577940,2,100.0,0.0,0.0,100.0,0.0,2.1,-100.0,0.0,-100.0,NR,65.0,865.98,589.65,276.33,31.91,High,18.25,107.61
Ahmedabad (Confined),Gujarat,5577940,3,100.0,0.0,0.0,100.0,0.0,2.1,-100.0,0.0,-100.0,NR,65.0,865.98,589.65,276.33,31.91,High,18.25,107.61
Rajkot,Gujarat,1286678,3,0.0,0.0,0.0,100.0,0.0,0.9,-100.0,0.0,-100.0,NR,10.0,199.76,199.76,0.0,0.0,Low,15.5,30.96
Surat,Gujarat,4467797,1,100.0,0.0,0.0,100.0,0.0,1.5,-100.0,0.0,-100.0,NR,65.0,693.63,472.29,221.34,31.91,High,18.25,86.19
Vadodara (phreatic),Gujarat,1670806,2,50.0,50.0,0.0,100.0,0.0,3.6,-100.0,0.0,-100.0,NR,37.5,259.39,219.18,40.21,15.5,Medium,16.88,37.0
Vadodara (Confined),Gujarat,1670806,2,100.0,0.0,50.0,100.0,0.0,3.6,-100.0,0.0,-100.0,NR,82.5,259.39,144.17,115.22,44.42,Critical,19.12,27.56
Gandhinagar,Gujarat,292797,1,0.0,100.0,0.0,100.0,0.0,1.4,-100.0,0.0,-100.0,NR,10.0,45.46,45.46,0.0,0.0,Low,15.5,7.05
Ambala,Haryana,207934,2,50.0,50.0,0.0,100.0,0.0,0.0,-100.0,2.8,-55.0,D,33.0,32.28,27.47,4.81,14.9,Medium,16.65,4.57
Faridabad,Haryana,1414050,3,33.33,66.67,0.0,100.0,0.0,0.0,-100.0,0.0,-100.0,NR,28.33,219.53,191.95,27.58,12.56,Medium,16.42,31.52
Gurugram,Haryana,876969,4,50.0,50.0,0.0,100.0,0.0,0.1,-100.0,0.0,-100.0,NR,37.5,136.15,115.05,21.1,15.5,Medium,16.88,19.42
Yamunanagar,Haryana,216677,3,33.33,66.67,0.0,100.0,0.0,0.3,-100.0,2.7,-41.0,D,22.43,33.64,30.34,3.3,9.81,Low,16.12,4.89
Chandigarh,Chandigarh,961587,20,40.0,60.0,25.0,100.0,6.3,0.0,62400.0,6.3,-43.0,D,35.05,149.29,129.35,19.94,13.36,Medium,16.75,21.67
Ranchi,Jharkhand,1073427,13,46.15,53.85,0.0,55.92,6.1,2.6,135.0,9.9,-64.0,LD,31.78,166.65,116.63,50.02,30.01,High,25.41,29.64
Dhanbad,Jharkhand,1162472,8,62.5,37.5,0.0,55.92,11.9,4.3,176.0,37.0,-9.0,N,35.28,180.47,122.95,57.52,31.87,High,25.58,31.45
Jamshedpur,Jharkhand,677350,10,30.0,70.0,10.0,55.92,2.7,3.8,-28.0,7.9,-74.0,LD,27.4,105.16,77.58,27.58,26.23,High,25.19,19.54
Bangalore,Karnataka,8443675,24,91.67,8.33,20.83,89.7,0.0,4.4,-100.0,43.2,-11.0,N,58.81,1310.88,881.52,429.36,32.75,High,20.0,176.3
Kannur,Kerala,232486,13,7.69,92.31,0.0,55.22,6.4,6.8,-7.0,26.1,-62.0,LD,10.43,36.09,28.27,7.82,21.67,Medium,24.48,6.92
Kochi,Kerala,602046,18,5.56,94.44,0.0,55.22,4.4,16.6,-73.0,54.0,-42.0,D,7.26,93.47,74.19,19.28,20.63,Medium,24.32,18.04
Kollam,Kerala,348657,8,12.5,87.5,0.0,55.22,0.0,10.8,-100.0,60.1,-31.0,D,9.98,54.13,42.53,11.6,21.43,Medium,24.46,10.4
Kozhikode,Kerala,431560,14,28.57,71.43,0.0,55.22,0.1,11.9,-99.0,45.8,-45.0,D,20.21,67.0,50.19,16.81,25.09,High,24.97,12.53
Malappuram,Kerala,101386,10,0.0,100.0,0.0,55.22,0.0,11.3,-100.0,33.9,-56.0,D,5.6,15.74,12.75,2.99,19.0,Medium,24.24,3.09
Thiruvananthapuram,Kerala,743691,9,44.44,55.56,0.0,55.22,0.0,10.9,-100.0,44.3,-30.0,D,27.44,115.46,84.45,31.01,26.86,High,25.33,21.39
Thrissur,Kerala,315596,15,0.0,100.0,0.0,55.22,2.2,12.7,-83.0,62.4,-32.0,D,3.2,49.0,39.98,9.02,18.41,Medium,24.12,9.64
Bhopal,Madhya Pradesh,1798218,10,40.0,60.0,0.0,75.3,0.0,1.8,-100.0,0.0,-100.0,NR,32.0,279.17,213.91,65.26,23.38,Medium,21.54,46.08
Gwalior,Madhya Pradesh,1069276,1,0.0,100.0,0.0,75.3,0.0,2.0,-100.0,1.0,-94.0,LD,9.4,165.98,141.05,24.93,15.02,Medium,20.41,28.79
Indore,Madhya Pradesh,1964086,14,50.0,50.0,0.0,75.3,0.0,1.3,-100.0,0.0,-100.0,NR,37.5,304.93,225.48,79.45,26.06,High,21.82,49.2
Jabalpur,Madhya Pradesh,1055525,13,23.08,76.92,0.0,75.3,0.0,1.5,-100.0,0.0,-100.0,NR,22.69,163.87,133.45,30.42,18.56,Medium,21.07,28.12
Aurangabad,Maharashtra,1175116,6,33.33,66.67,0.0,90.63,0.0,2.0,-100.0,0.0,-100.0,NR,28.33,182.44,152.01,30.43,16.68,Medium,18.29,27.8
Mumbai City,Maharashtra,3145966,6,66.67,33.33,16.67,90.63,0.0,2.4,-100.0,0.0,-100.0,NR,52.5,488.41,349.52,138.89,28.44,High,19.5,68.16
Mumbai Suburban,Maharashtra,9356326,17,35.29,64.71,0.0,90.63,0.0,7.7,-100.0,4.4,-91.0,LD,28.51,1452.57,1209.68,242.89,16.72,Medium,18.3,221.37
Nagpur,Maharashtra,2405665,78,55.13,44.87,0.0,90.63,0.0,4.2,-99.0,0.1,-99.0,LD,40.22,373.48,296.86,76.62,20.51,Medium,18.89,56.08
Nashik,Maharashtra,1486053,3,66.67,33.33,33.33,90.63,0.0,2.7,-100.0,1.4,-95.0,LD,57.83,230.71,157.94,72.77,31.54,High,19.77,31.23
Pune,Maharashtra,3124458,15,66.67,33.33,6.67,90.63,0.0,4.4,-100.0,1.5,-96.0,LD,48.6,485.07,357.73,127.34,26.25,High,19.3,69.04
Vasai Virar,Maharashtra,1222390,2,50.0,50.0,0.0,90.63,0.0,4.7,-100.0,11.0,-70.0,LD,34.5,189.78,151.78,38.0,20.02,Medium,18.6,28.23
Bhubaneshwar,Odisha,843402,38,42.11,57.89,0.0,77.93,0.0,7.3,-100.0,0.0,-100.0,NR,33.16,130.94,103.35,27.59,21.07,Medium,21.07,21.78
Amritsar,Punjab,1132383,4,100.0,0.0,0.0,100.0,0.0,0.0,-100.0,0.4,-85.0,LD,63.5,175.8,113.39,62.41,35.5,High,18.18,20.61
Jalandhar,Punjab,862886,2,50.0,50.0,50.0,100.0,0.0,0.0,-80.0,0.0,-99.0,LD,54.9,133.96,96.65,37.31,27.85,High,17.75,17.16
Ludhiana,Punjab,1618879,2,50.0,50.0,50.0,100.0,0.0,0.0,-100.0,0.0,-100.0,NR,55.0,251.33,181.12,70.21,27.94,High,17.75,32.15
SAS nagar,Punjab,146213,2,50.0,50.0,0.0,100.0,0.0,0.0,-100.0,0.0,-100.0,NR,37.5,22.7,19.18,3.52,15.51,Medium,16.88,3.24
Patiala,Punjab,406192,1,100.0,0.0,100.0,100.0,0.0,0.3,-100.0,0.0,-100.0,NR,100.0,63.06,25.22,37.84,60.01,Critical,20.0,5.04
Ajmer,Rajasthan,542321,3,33.33,66.67,0.0,59.23,0.0,0.1,-100.0,0.0,-100.0,NR,28.33,84.2,60.83,23.37,27.76,High,24.57,14.95
Bikaner,Rajasthan,644406,1,0.0,100.0,0.0,59.23,0.0,0.0,-100.0,0.0,-100.0,NR,10.0,100.04,80.76,19.28,19.27,Medium,23.65,19.1
Jaipur,Rajasthan,3046163,11,81.82,18.18,45.45,59.23,0.0,0.3,-100.0,0.0,-100.0,NR,70.91,472.92,260.67,212.25,44.88,Critical,26.7,69.6
Jaisalmer,Rajasthan,65471,1,0.0,100.0,0.0,59.23,0.0,0.0,-100.0,0.0,-100.0,NR,10.0,10.16,8.2,1.96,19.29,Medium,23.65,1.94
Jodhpur,Rajasthan,1033756,5,20.0,80.0,0.0,59.23,0.0,0.0,-100.0,0.0,-100.0,NR,21.0,160.49,123.61,36.88,22.98,Medium,24.2,29.91
Kota,Rajasthan,1001694,2,100.0,0.0,0.0,59.23,0.0,1.0,-100.0,0.0,-100.0,NR,65.0,155.51,98.24,57.27,36.83,High,26.4,25.94
Chennai,Tamil Nadu,4646732,9,11.11,88.89,0.0,91.82,0.0,3.3,-100.0,0.4,-99.0,LD,16.01,721.41,643.08,78.33,10.86,Medium,17.44,112.15
Coimbatore,Tamil Nadu,1050721,6,50.0,50.0,16.67,91.82,0.9,4.8,-82.0,63.9,104.0,LE,33.33,163.13,130.63,32.5,19.92,Medium,18.3,23.91
Madurai,Tamil Nadu,1017065,11,9.09,90.91,9.09,91.82,0.1,7.1,-99.0,12.0,-67.0,LD,14.88,157.9,141.65,16.25,10.29,Medium,17.38,24.62
Trichy,Tamil Nadu,847387,6,33.33,66.67,0.0,91.82,0.1,5.9,-99.0,13.7,-60.0,LD,24.33,131.56,112.78,18.78,14.27,Medium,17.85,20.13
Vellore,Tamil Nadu,185803,2,0.0,100.0,0.0,91.82,0.0,5.4,-100.0,17.3,-57.0,D,5.7,28.85,27.76,1.09,3.78,Low,16.92,4.7
Hyderabad,Telangana,6809970,37,56.76,43.24,13.51,100.0,0.0,6.7,-100.0,0.1,-99.0,LD,45.85,1057.25,798.54,258.71,24.47,Medium,17.29,138.07
Agra,Uttar Pradesh,1585704,1,0.0,100.0,0.0,92.35,0.0,0.9,-100.0,0.0,-100.0,NR,10.0,246.18,227.18,19.0,7.72,Low,17.03,38.69
Allahabad,Uttar Pradesh,1112544,4,100.0,0.0,25.0,92.35,1.3,1.5,-15.0,1.3,-93.0,LD,73.05,172.72,97.35,75.37,43.64,Critical,20.18,19.65
Ghaziabad,Uttar Pradesh,1648643,1,100.0,0.0,0.0,92.35,0.0,0.0,-100.0,0.0,-100.0,NR,65.0,255.95,159.04,96.91,37.86,High,19.78,31.46
Kanpur,Uttar Pradesh,2765348,6,16.67,83.33,0.0,92.35,10.1,1.2,739.0,10.6,-37.0,D,12.87,429.32,390.87,38.45,8.96,Low,17.17,67.11
Lucknow,Uttar Pradesh,2817105,3,100.0,0.0,33.33,92.35,0.2,0.3,-22.0,0.2,-98.0,LD,76.47,437.36,238.16,199.2,45.55,Critical,20.35,48.47
Meerut,Uttar Pradesh,1305429,1,100.0,0.0,0.0,92.35,0.0,0.2,-100.0,0.0,-100.0,NR,65.0,202.67,125.93,76.74,37.86,High,19.78,24.91
Varanasi,Uttar Pradesh,1201815,1,100.0,0.0,0.0,92.35,23.1,0.5,4510.0,23.9,30.0,E,55.0,186.58,124.96,61.62,33.03,High,19.28,24.09
Dehradun,Uttarakhand,574840,9,11.11,88.89,0.0,98.1,6.8,1.0,580.0,18.3,25.0,E,6.11,89.24,88.75,0.49,0.55,Low,15.69,13.92
Kolkata (Confined),West Bengal,4496694,12,83.33,16.67,8.33,56.92,47.2,9.6,392.0,56.5,-12.0,N,48.75,698.11,466.01,232.1,33.25,High,26.05,121.39
