s_no,state_ut,city,wells_analysed,rise_0_2m_no,rise_0_2m_pct,rise_2_4m_no,rise_2_4m_pct,rise_gt_4m_no,rise_gt_4m_pct,total_rise_no,total_rise_pct,fall_0_2m_no,fall_0_2m_pct,fall_2_4m_no,fall_2_4m_pct,fall_gt_4m_no,fall_gt_4m_pct,total_fall_no,total_fall_pct
1,Andhra Pradesh,Vijayawada,5,0,0.00,0,0.00,0,0.00,0,0.00,4,80.00,1,20.00,0,0.00,5,100.00
2,Andhra Pradesh,Vishakapatnam,18,1,5.56,4,22.22,0,0.00,5,27.78,5,27.78,5,27.78,3,16.67,13,72.22
3,Assam,Guwahati,33,19,57.58,1,3.03,1,3.03,21,63.64,9,27.27,3,9.09,0,0.00,12,36.36
4,Bihar,Patna (phreatic),5,3,60.00,0,0.00,0,0.00,3,60.00,1,20.00,1,20.00,0,0.00,2,40.00
4,Bihar,Patna (Deeper),5,0,0.00,0,0.00,0,0.00,0,0.00,3,60.00,2,40.00,0,0.00,5,100.00
5,Chhattisgarh,Bhilai,6,2,33.33,1,16.67,0,0.00,3,50.00,2,33.33,1,16.67,0,0.00,3,50.00
6,Chhattisgarh,Raipur,13,6,46.15,4,30.77,0,0.00,10,76.92,3,23.08,0,0.00,0,0.00,3,23.08
7,Delhi,Delhi,79,28,35.44,18,22.78,15,18.99,61,77.22,7,8.86,4,5.06,7,8.86,18,22.78
8,Gujarat,Ahmedabad (phreatic),2,0,0.00,0,0.00,0,0.00,0,0.00,1,50.00,1,50.00,0,0.00,2,100.00
8,Gujarat,Ahmedabad (Confined),3,0,0.00,0,0.00,0,0.00,0,0.00,1,33.33,2,66.67,0,0.00,3,100.00
9,Gujarat,Rajkot,3,0,0.00,0,0.00,0,0.00,0,0.00,0,0.00,0,0.00,0,0.00,0,0.00
10,Gujarat,Surat,1,0,0.00,0,0.00,0,0.00,0,0.00,1,100.00,0,0.00,0,0.00,1,100.00
11,Gujarat,Vadodara (phreatic),2,0,0.00,1,50.00,0,0.00,1,50.00,0,0.00,1,50.00,0,0.00,1,50.00
11,Gujarat,Vadodara (Confined),2,0,0.00,0,0.00,0,0.00,0,0.00,1,50.00,0,0.00,1,50.00,2,100.00
12,Gujarat,Gandhinagar,1,1,100.00,0,0.00,0,0.00,1,100.00,0,0.00,0,0.00,0,0.00,0,0.00
13,Haryana,Ambala,2,0,0.00,1,50.00,0,0.00,1,50.00,0,0.00,1,50.00,0,0.00,1,50.00
14,Haryana,Faridabad,3,1,33.33,1,33.33,0,0.00,2,66.67,1,33.33,0,0.00,0,0.00,1,33.33
15,Haryana,Gurugram,4,0,0.00,1,25.00,1,25.00,2,50.00,1,25.00,1,25.00,0,0.00,2,50.00
16,Haryana,Yamunanagar,3,1,33.33,1,33.33,0,0.00,2,66.67,1,33.33,0,0.00,0,0.00,1,33.33
17,Chandigarh,Chandigarh,20,8,40.00,3,15.00,1,5.00,12,60.00,2,10.00,1,5.00,5,25.00,8,40.00
18,Jharkhand,Ranchi,13,6,46.15,1,7.69,0,0.00,7,53.85,6,46.15,0,0.00,0,0.00,6,46.15
19,Jharkhand,Dhanbad,8,2,25.00,0,0.00,1,12.50,3,37.50,5,62.50,0,0.00,0,0.00,5,62.50
20,Jharkhand,Jamshedpur,10,6,60.00,0,0.00,1,10.00,7,70.00,2,20.00,0,0.00,1,10.00,3,30.00
21,Karnataka,Bangalore,24,2,8.33,0,0.00,0,0.00,2,8.33,11,45.83,6,25.00,5,20.83,22,91.67
22,Kerala,Kannur,13,12,92.31,0,0.00,0,0.00,12,92.31,1,7.69,0,0.00,0,0.00,1,7.69
23,Kerala,Kochi,18,17,94.44,0,0.00,0,0.00,17,94.44,1,5.56,0,0.00,0,0.00,1,5.56
24,Kerala,Kollam,8,7,87.50,0,0.00,0,0.00,7,87.50,1,12.50,0,0.00,0,0.00,1,12.50
25,Kerala,Kozhikode,14,10,71.43,0,0.00,0,0.00,10,71.43,4,28.57,0,0.00,0,0.00,4,28.57
26,Kerala,Malappuram,10,10,100.00,0,0.00,0,0.00,10,100.00,0,0.00,0,0.00,0,0.00,0,0.00
27,Kerala,Thiruvananthapuram,9,4,44.44,1,11.11,0,0.00,5,55.56,4,44.44,0,0.00,0,0.00,4,44.44
28,Kerala,Thrissur,15,15,100.00,0,0.00,0,0.00,15,100.00,0,0.00,0,0.00,0,0.00,0,0.00
29,Madhya Pradesh,Bhopal,10,6,60.00,0,0.00,0,0.00,6,60.00,4,40.00,0,0.00,0,0.00,4,40.00
30,Madhya Pradesh,Gwalior,1,0,0.00,0,0.00,1,100.00,1,100.00,0,0.00,0,0.00,0,0.00,0,0.00
31,Madhya Pradesh,Indore,14,3,21.43,4,28.57,0,0.00,7,50.00,7,50.00,0,0.00,0,0.00,7,50.00
32,Madhya Pradesh,Jabalpur,13,10,76.92,0,0.00,0,0.00,10,76.92,2,15.38,1,7.69,0,0.00,3,23.08
33,Maharashtra,Aurangabad,6,3,50.00,1,16.67,0,0.00,4,66.67,2,33.33,0,0.00,0,0.00,2,33.33
34,Maharashtra,Mumbai City,6,2,33.33,0,0.00,0,0.00,2,33.33,3,50.00,0,0.00,1,16.67,4,66.67
35,Maharashtra,Mumbai Suburban,17,10,58.82,1,5.88,0,0.00,11,64.71,6,35.29,0,0.00,0,0.00,6,35.29
36,Maharashtra,Nagpur,78,30,38.46,4,5.13,1,1.28,35,44.87,37,47.44,6,7.69,0,0.00,43,55.13
37,Maharashtra,Nashik,3,1,33.33,0,0.00,0,0.00,1,33.33,1,33.33,0,0.00,1,33.33,2,66.67
38,Maharashtra,Pune,15,4,26.67,1,6.67,0,0.00,5,33.33,7,46.67,2,13.33,1,6.67,10,66.67
39,Maharashtra,Vasai Virar,2,1,50.00,0,0.00,0,0.00,1,50.00,1,50.00,0,0.00,0,0.00,1,50.00
40,Odisha,Bhubaneshwar,38,21,55.26,1,2.63,0,0.00,22,57.89,13,34.21,3,7.89,0,0.00,16,42.11
41,Punjab,Amritsar,4,0,0.00,0,0.00,0,0.00,0,0.00,4,100.00,0,0.00,0,0.00,4,100.00
42,Punjab,Jalandhar,2,0,0.00,0,0.00,1,50.00,1,50.00,0,0.00,0,0.00,1,50.00,1,50.00
43,Punjab,Ludhiana,2,1,50.00,0,0.00,0,0.00,1,50.00,0,0.00,0,0.00,1,50.00,1,50.00
44,Punjab,SAS nagar,2,0,0.00,1,50.00,0,0.00,1,50.00,1,50.00,0,0.00,0,0.00,1,50.00
45,Punjab,Patiala,1,0,0.00,0,0.00,0,0.00,0,0.00,0,0.00,1,100.00,0,0.00,1,100.00
46,Rajasthan,Ajmer,3,1,33.33,0,0.00,1,33.33,2,66.67,1,33.33,0,0.00,0,0.00,1,33.33
47,Rajasthan,Bikaner,1,0,0.00,1,100.00,0,0.00,1,100.00,0,0.00,0,0.00,0,0.00,0,0.00
48,Rajasthan,Jaipur,11,1,9.09,0,0.00,1,9.09,2,18.18,1,9.09,3,27.27,5,45.45,9,81.82
49,Rajasthan,Jaisalmer,1,0,0.00,1,100.00,0,0.00,1,100.00,0,0.00,0,0.00,0,0.00,0,0.00
50,Rajasthan,Jodhpur,5,3,60.00,1,20.00,0,0.00,4,80.00,1,20.00,0,0.00,0,0.00,1,20.00
51,Rajasthan,Kota,2,0,0.00,0,0.00,0,0.00,0,0.00,2,100.00,0,0.00,0,0.00,2,100.00
52,Tamil Nadu,Chennai,9,6,66.67,2,22.22,0,0.00,8,88.89,1,11.11,0,0.00,0,0.00,1,11.11
53,Tamil Nadu,Coimbatore,6,1,16.67,0,0.00,2,33.33,3,50.00,2,33.33,0,0.00,1,16.67,3,50.00
54,Tamil Nadu,Madurai,11,3,27.27,4,36.36,3,27.27,10,90.91,0,0.00,0,0.00,1,9.09,1,9.09
55,Tamil Nadu,Trichy,6,2,33.33,1,16.67,1,16.67,4,66.67,2,33.33,0,0.00,0,0.00,2,33.33
56,Tamil Nadu,Vellore,2,2,100.00,0,0.00,0,0.00,2,100.00,0,0.00,0,0.00,0,0.00,0,0.00
57,Telangana,Hyderabad,37,6,16.22,7,18.92,3,8.11,16,43.24,13,35.14,3,8.11,5,13.51,21,56.76
58,Uttar Pradesh,Agra,1,1,100.00,0,0.00,0,0.00,1,100.00,0,0.00,0,0.00,0,0.00,0,0.00
59,Uttar Pradesh,Allahabad,4,0,0.00,0,0.00,0,0.00,0,0.00,3,75.00,0,0.00,1,25.00,4,100.00
60,Uttar Pradesh,Ghaziabad,1,0,0.00,0,0.00,0,0.00,0,0.00,1,100.00,0,0.00,0,0.00,1,100.00
61,Uttar Pradesh,Kanpur,6,5,83.33,0,0.00,0,0.00,5,83.33,1,16.67,0,0.00,0,0.00,1,16.67
62,Uttar Pradesh,Lucknow,3,0,0.00,0,0.00,0,0.00,0,0.00,0,0.00,2,66.67,1,33.33,3,100.00
63,Uttar Pradesh,Meerut,1,0,0.00,0,0.00,0,0.00,0,0.00,0,0.00,1,100.00,0,0.00,1,100.00
64,Uttar Pradesh,Varanasi,1,0,0.00,0,0.00,0,0.00,0,0.00,1,100.00,0,0.00,0,0.00,1,100.00
65,Uttarakhand,Dehradun,9,3,33.33,4,44.44,1,11.11,8,88.89,1,11.11,0,0.00,0,0.00,1,11.11
66,West Bengal,Kolkata (Confined),12,2,16.67,0,0.00,0,0.00,2,16.67,7,58.33,2,16.67,1,8.33,10,83.33
