state_ut,district,day_actual_mm,day_normal_mm,day_dep_pct,day_cat,period_actual_mm,period_normal_mm,period_dep_pct,period_cat
Andaman & Nicobar Islands,Nicobar,0.0,9.7,-100,NR,16.2,86.9,-81,LD
Andaman & Nicobar Islands,North & Middle Andaman,0.0,13.9,-100,NR,38.3,100.6,-62,LD
Andaman & Nicobar Islands,South Andaman,0.2,14.3,-99,LD,42.2,103.4,-59,D
Arunachal Pradesh,Anjaw,0.0,5.9,-100,NR,36.9,81.5,-55,D
Arunachal Pradesh,Changlang,0.0,6.3,-100,NR,17.2,46.6,-63,LD
Arunachal Pradesh,East Kameng,0.0,6.7,-100,NR,25.7,40.7,-37,D
Arunachal Pradesh,East Siang,0.0,7.6,-100,NR,88.9,113.4,-22,D
Arunachal Pradesh,Kurung Kumey,0.0,3.1,-100,NR,27.7,34.3,-19,N
Arunachal Pradesh,Lohit,0.0,7.4,-100,NR,29.7,85.2,-65,LD
Arunachal Pradesh,Lower Subansiri,0.0,7.9,-100,NR,25.2,24.7,2,N
Arunachal Pradesh,Papumpara,0.0,5.1,-100,NR,80.9,69.8,16,N
Arunachal Pradesh,Tawang,0.0,9.4,-100,NR,4.7,38.9,-88,LD
Arunachal Pradesh,Tirap,0.0,8.3,-100,NR,78.5,78.4,0,N
Arunachal Pradesh,Upper Siang,0.0,7.4,-100,NR,35.5,79.7,-55,D
Arunachal Pradesh,Upper Subansiri,0.2,7.5,-98,LD,25.6,36.0,-29,D
Arunachal Pradesh,West Kameng,0.5,9.0,-94,LD,21.0,65.2,-68,LD
Arunachal Pradesh,West Siang,0.0,5.5,-100,NR,20.3,87.7,-77,LD
Assam,Cachar,5.8,9.9,-41,D,46.9,70.7,-34,D
Assam,Darrang,0.0,5.4,-100,NR,3.5,34.9,-90,LD
Assam,Dibrugarh,0.0,5.8,-100,NR,47.7,47.9,-1,N
Assam,Guwahati (Kamrup Metro),0.1,11.1,-99,LD,0.8,47.0,-98,LD
Assam,Kamrup Rural,0.0,9.9,-100,NR,3.8,50.0,-92,LD
Bihar,Patna,26.3,2.9,808,LE,29.6,28.1,5,N
Bihar,Gaya,4.8,2.6,85,LE,8.5,23.0,-63,LD
Bihar,Muzaffarpur,13.1,1.2,989,LE,13.1,26.4,-50,D
Bihar,Bhagalpur,0.5,7.6,-93,LD,0.5,41.1,-99,LD
Chhattisgarh,Raipur,3.0,3.3,-9,N,3.2,21.2,-85,LD
Chhattisgarh,Durg (Bhilai),4.4,3.3,33,E,4.4,24.3,-82,LD
Chhattisgarh,Bilaspur,2.2,4.8,-54,D,4.8,24.2,-80,LD
Delhi,Central Delhi,0.0,0.5,-100,NR,0.0,9.2,-100,NR
Delhi,East Delhi,0.0,0.5,-100,NR,0.0,9.2,-100,NR
Delhi,New Delhi,0.0,0.1,-100,NR,0.0,7.8,-100,NR
Delhi,North Delhi,0.0,0.2,-100,NR,0.0,7.1,-100,NR
Delhi,South Delhi,0.0,0.5,-100,NR,0.0,9.2,-100,NR
Gujarat,Ahmedabad,0.0,2.1,-100,NR,0.0,9.1,-100,NR
Gujarat,Gandhinagar,0.0,1.4,-100,NR,0.0,8.5,-100,NR
Gujarat,Rajkot,0.0,0.9,-100,NR,0.0,10.4,-100,NR
Gujarat,Surat,0.0,1.5,-100,NR,0.0,16.6,-100,NR
Gujarat,Vadodara,0.0,3.6,-100,NR,0.0,11.8,-100,NR
Haryana,Ambala,0.0,0.0,-100,NR,2.8,6.1,-55,D
Haryana,Faridabad,0.0,0.0,-100,NR,0.0,6.5,-100,NR
Haryana,Gurgaon,0.0,0.1,-100,NR,0.0,4.2,-100,NR
Haryana,Yamunanagar,0.0,0.3,-100,NR,2.7,4.5,-41,D
Chandigarh,Chandigarh,6.3,0.0,62400,LE,6.3,11.0,-43,D
Jharkhand,Dhanbad,11.9,4.3,176,LE,37.0,40.9,-9,N
Jharkhand,East Singhbhum (Jamshedpur),2.7,3.8,-28,D,7.9,30.8,-74,LD
Jharkhand,Ranchi,6.1,2.6,135,LE,9.9,27.7,-64,LD
Karnataka,Bengaluru Urban,0.0,4.4,-100,NR,43.2,48.6,-11,N
Karnataka,Bengaluru Rural,0.0,4.5,-100,NR,43.1,50.5,-15,N
Karnataka,Mysuru,0.0,4.4,-100,NR,20.2,35.1,-42,D
Karnataka,Dakshina Kannada,8.9,7.1,25,E,93.3,88.6,5,N
Kerala,Ernakulam (Kochi),4.4,16.6,-73,LD,54.0,92.5,-42,D
Kerala,Kannur,6.4,6.8,-7,N,26.1,69.2,-62,LD
Kerala,Kollam,0.0,10.8,-100,NR,60.1,87.3,-31,D
Kerala,Kozhikode,0.1,11.9,-99,LD,45.8,82.5,-45,D
Kerala,Malappuram,0.0,11.3,-100,NR,33.9,77.1,-56,D
Kerala,Thiruvananthapuram,0.0,10.9,-100,NR,44.3,63.4,-30,D
Kerala,Thrissur,2.2,12.7,-83,LD,62.4,91.9,-32,D
Madhya Pradesh,Bhopal,0.0,1.8,-100,NR,0.0,17.2,-100,NR
Madhya Pradesh,Gwalior,0.0,2.0,-100,NR,1.0,16.4,-94,LD
Madhya Pradesh,Indore,0.0,1.3,-100,NR,0.0,15.5,-100,NR
Madhya Pradesh,Jabalpur,0.0,1.5,-100,NR,0.0,15.9,-100,NR
Maharashtra,Chhatrapati Sambhajinagar (Aurangabad),0.0,2.0,-100,NR,0.0,22.1,-100,NR
Maharashtra,Mumbai City,0.0,2.4,-100,NR,0.0,43.3,-100,NR
Maharashtra,Mumbai Suburban,0.0,7.7,-100,NR,4.4,48.7,-91,LD
Maharashtra,Nagpur,0.0,4.2,-99,LD,0.1,23.3,-99,LD
Maharashtra,Nashik,0.0,2.7,-100,NR,1.4,28.3,-95,LD
Maharashtra,Pune,0.0,4.4,-100,NR,1.5,36.6,-96,LD
Maharashtra,Thane (Vasai Virar),0.0,4.7,-100,NR,11.0,36.8,-70,LD
Odisha,Bhubaneshwar (Khurda),0.0,7.3,-100,NR,0.0,61.7,-100,NR
Punjab,Amritsar,0.0,0.0,-100,NR,0.4,2.8,-85,LD
Punjab,Jalandhar,0.0,0.0,-80,LD,0.0,1.7,-99,LD
Punjab,Ludhiana,0.0,0.0,-100,NR,0.0,2.2,-100,NR
Punjab,Patiala,0.0,0.3,-100,NR,0.0,3.4,-100,NR
Punjab,SAS Nagar,0.0,0.0,-100,NR,0.0,2.8,-100,NR
Rajasthan,Ajmer,0.0,0.1,-100,NR,0.0,4.0,-100,NR
Rajasthan,Bikaner,0.0,0.0,-100,NR,0.0,3.6,-100,NR
Rajasthan,Jaipur,0.0,0.3,-100,NR,0.0,6.8,-100,NR
Rajasthan,Jaisalmer,0.0,0.0,-100,NR,0.0,1.8,-100,NR
Rajasthan,Jodhpur,0.0,0.0,-100,NR,0.0,2.0,-100,NR
Rajasthan,Kota,0.0,1.0,-100,NR,0.0,8.1,-100,NR
Tamil Nadu,Chennai,0.0,3.3,-100,NR,0.4,46.4,-99,LD
Tamil Nadu,Coimbatore,0.9,4.8,-82,LD,63.9,31.3,104,LE
Tamil Nadu,Madurai,0.1,7.1,-99,LD,12.0,36.0,-67,LD
Tamil Nadu,Tiruchirappalli (Trichy),0.1,5.9,-99,LD,13.7,34.0,-60,LD
Tamil Nadu,Vellore,0.0,5.4,-100,NR,17.3,40.1,-57,D
Telangana,Hyderabad,0.0,6.7,-100,NR,0.1,40.7,-99,LD
Uttar Pradesh,Agra,0.0,0.9,-100,NR,0.0,8.4,-100,NR
Uttar Pradesh,Prayagraj (Allahabad),1.3,1.5,-15,N,1.3,18.4,-93,LD
Uttar Pradesh,Ghaziabad,0.0,0.0,-100,NR,0.0,3.4,-100,NR
Uttar Pradesh,Kanpur City,10.1,1.2,739,LE,10.6,16.8,-37,D
Uttar Pradesh,Lucknow,0.2,0.3,-22,D,0.2,13.5,-98,LD
Uttar Pradesh,Meerut,0.0,0.2,-100,NR,0.0,4.3,-100,NR
Uttar Pradesh,Varanasi,23.1,0.5,4510,LE,23.9,18.4,30,E
Uttarakhand,Dehradun,6.8,1.0,580,LE,18.3,14.6,25,E
West Bengal,Kolkata,47.2,9.6,392,LE,56.5,64.0,-12,N
