state_ut,total_households,households_with_tap_water_supply,tap_water_supply_percentage
Goa,263922,263922,100.00
A & N Islands,62037,62037,100.00
D&NH and D&D,85156,85156,100.00
Haryana,3041314,3041314,100.00
Telangana,5398219,5398219,100.00
Puducherry,114969,114969,100.00
Gujarat,9118539,9118539,100.00
Punjab,3426808,3426808,100.00
Himachal Pradesh,1708727,1708727,100.00
Arunachal Pradesh,228566,228566,100.00
Mizoram,133060,133060,100.00
Ladakh,40532,39935,98.53
Uttarakhand,1447742,1420209,98.10
Nagaland,363829,351500,96.61
Bihar,16755313,16036508,95.71
Uttar Pradesh,26720039,24676057,92.35
Sikkim,132790,122399,92.17
Tamil Nadu,12522190,11497425,91.82
Lakshadweep,13370,12227,91.45
Maharashtra,14677233,13301670,90.63
Karnataka,10110812,9069034,89.70
Tripura,750932,650319,86.60
Meghalaya,650854,548418,84.26
Chhattisgarh,4994757,4198665,84.06
Assam,7223223,5922500,81.99
Jammu & Kashmir,1924602,1566718,81.40
Manipur,451669,359852,79.67
Odisha,8858413,6902972,77.93
Andhra Pradesh,9553387,7288086,76.29
Madhya Pradesh,11103973,8361710,75.30
Rajasthan,10787724,6389519,59.23
West Bengal,17550598,9989376,56.92
Jharkhand,6251117,3495770,55.92
Kerala,7075561,3907419,55.22
